Product ID,Product Name,Category,Sub-Category,Brand,Cost Price ($),Selling Price ($),Margin (%),,,,
PR001,Laptop Pro 15,Electronics,Laptops,TechCore,620,999,37.9,,,,
PR002,Laptop Ultra 13,Electronics,Laptops,SwiftBook,480,749,35.9,,,,
PR003,Smartphone X12,Electronics,Smartphones,NovaMobile,320,549,41.7,,,,
PR004,Smartphone Lite,Electronics,Smartphones,NovaMobile,180,299,39.8,,,,
PR005,Wireless Headphones,Electronics,Audio,SoundWave,55,129,57.4,,,,
PR006,Bluetooth Speaker,Electronics,Audio,SoundWave,38,79,51.9,,,,
PR007,"Smart TV 55""",Electronics,TVs,VisionPlus,410,699,41.3,,,,
PR008,"Smart TV 43""",Electronics,TVs,VisionPlus,270,449,39.9,,,,
PR009,Tablet Z10,Electronics,Tablets,TechCore,210,379,44.6,,,,
PR010,Smartwatch Series 3,Electronics,Wearables,FitBand,95,199,52.3,,,,
PR011,Gaming Console X,Electronics,Gaming,PlayZone,290,499,41.9,,,,
PR012,Wireless Mouse,Electronics,Accessories,ClickPro,12,29,58.6,,,,
PR013,Mechanical Keyboard,Electronics,Accessories,ClickPro,42,89,52.8,,,,
PR014,External SSD 1TB,Electronics,Storage,DataVault,68,139,51.1,,,,
PR015,Webcam HD,Electronics,Accessories,ClearView,28,59,52.5,,,,
PR016,Men's Formal Shirt,Apparel,Men's Clothing,UrbanEdge,18,49,63.3,,,,
PR017,Women's Blazer,Apparel,Women's Clothing,StyleCo,42,99,57.6,,,,
PR018,Denim Jeans,Apparel,Bottoms,DenimX,22,59,62.7,,,,
PR019,Running Shoes,Apparel,Footwear,StridePro,48,119,59.7,,,,
PR020,Winter Jacket,Apparel,Outerwear,FrostLine,68,159,57.2,,,,
PR021,Casual T-Shirt,Apparel,Men's Clothing,UrbanEdge,8,24,66.7,,,,
PR022,Sports Sneakers,Apparel,Footwear,StridePro,38,89,57.3,,,,
PR023,Leather Handbag,Apparel,Accessories,LuxCarry,72,179,59.8,,,,
PR024,Sunglasses UV400,Apparel,Accessories,ClearVue,14,45,68.9,,,,
PR025,Formal Trousers,Apparel,Bottoms,UrbanEdge,24,65,63.1,,,,
PR026,Microwave Oven 25L,Home & Kitchen,Appliances,HomeComfort,88,189,53.4,,,,
PR027,Air Fryer 5L,Home & Kitchen,Appliances,HomeComfort,55,129,57.4,,,,
PR028,Coffee Maker,Home & Kitchen,Appliances,BrewMaster,38,89,57.3,,,,
PR029,Stand Mixer,Home & Kitchen,Appliances,BrewMaster,75,169,55.6,,,,
PR030,Vacuum Cleaner,Home & Kitchen,Cleaning,CleanSweep,62,149,58.4,,,,
PR031,Robot Vacuum,Home & Kitchen,Cleaning,CleanSweep,180,399,54.9,,,,
PR032,Blender Pro,Home & Kitchen,Appliances,BrewMaster,28,69,59.4,,,,
PR033,Non-Stick Cookware Set,Home & Kitchen,Cookware,ChefChoice,48,119,59.7,,,,
PR034,Knife Block Set,Home & Kitchen,Cookware,ChefChoice,32,79,59.5,,,,
PR035,Toaster 4-Slice,Home & Kitchen,Appliances,HomeComfort,22,49,55.1,,,,
PR036,Water Purifier,Home & Kitchen,Appliances,PureFlow,110,249,55.8,,,,
PR037,Air Purifier,Home & Kitchen,Appliances,PureFlow,130,289,55,,,,
PR038,Electric Kettle,Home & Kitchen,Appliances,HomeComfort,16,39,59,,,,
PR039,Dish Rack Stainless,Home & Kitchen,Kitchen Org,OrganizeIt,12,28,57.1,,,,
PR040,Storage Container Set,Home & Kitchen,Kitchen Org,OrganizeIt,8,22,63.6,,,,