Customer ID,Customer Name,Age,Gender,City,State,Region,Customer Segment,Email,Join Date,,,,
CU0001,Maya Harris,22,Male,Boston,MA,North,Regular,maya.harris87@email.com,2019-02-24,,,,
CU0002,Sarah Thomas,57,Female,Dallas,TX,South,Regular,sarah.thomas92@fastmail.com,2020-03-25,,,,
CU0003,Ella Smith,42,Male,Miami,FL,South,Regular,ella.smith14@email.com,2021-10-10,,,,
CU0004,Paul Gonzales,59,Female,Baltimore,MD,East,Regular,paul.gonzales11@webmail.com,2022-03-31,,,,
CU0005,Mark Washington,44,Male,Houston,TX,South,Regular,mark.washington11@mailbox.com,2021-03-31,,,,
CU0006,Ella Hughes,30,Male,Richmond,VA,East,Regular,ella.hughes90@email.com,2020-12-29,,,,
CU0007,Frank Jordan,69,Male,Dallas,TX,South,Regular,frank.jordan88@webmail.com,2020-06-18,,,,
CU0008,Priya Nelson,61,Male,Boston,MA,North,Regular,priya.nelson28@fastmail.com,2021-07-12,,,,
CU0009,Sean Young,53,Male,Richmond,VA,East,Premium,sean.young96@fastmail.com,2020-12-12,,,,
CU0010,Mark Adams,55,Female,Charlotte,NC,South,Premium,mark.adams20@mailbox.com,2019-03-26,,,,
CU0011,Aaron Wilson,27,Female,San Diego,CA,West,Regular,aaron.wilson71@email.com,2020-10-26,,,,
CU0012,Elena Powell,68,Male,Pittsburgh,PA,East,Regular,elena.powell1@webmail.com,2023-02-02,,,,
CU0013,Henry Henderson,54,Female,Boston,MA,North,Regular,henry.henderson20@webmail.com,2020-03-25,,,,
CU0014,Anna Perry,56,Male,Buffalo,NY,North,Regular,anna.perry40@mailbox.com,2022-01-26,,,,
CU0015,David Anderson,30,Non-binary,Los Angeles,CA,West,Regular,david.anderson17@fastmail.com,2019-05-31,,,,
CU0016,Abigail Perry,29,Non-binary,Indianapolis,IN,Central,New,abigail.perry92@webmail.com,2020-04-03,,,,
CU0017,Peter Jenkins,20,Male,Los Angeles,CA,West,Regular,peter.jenkins76@mailbox.com,2018-03-28,,,,
CU0018,Rachel Woods,51,Male,Philadelphia,PA,North,Regular,rachel.woods10@mailbox.com,2021-09-15,,,,
CU0019,Amelia Long,62,Female,Charlotte,NC,South,Regular,amelia.long53@mailbox.com,2023-04-22,,,,
CU0020,Riley Reed,34,Male,San Diego,CA,West,Premium,riley.reed8@fastmail.com,2019-02-08,,,,
CU0021,Evelyn Nguyen,24,Male,Charlotte,NC,South,Regular,evelyn.nguyen60@mailbox.com,2021-02-14,,,,
CU0022,Peter Patterson,51,Female,New York,NY,North,Regular,peter.patterson12@mailbox.com,2018-03-02,,,,
CU0023,Savannah Green,64,Male,Los Angeles,CA,West,Regular,savannah.green34@fastmail.com,2022-05-19,,,,
CU0024,Ruby Hughes,23,Male,Seattle,WA,West,Regular,ruby.hughes75@email.com,2018-08-28,,,,
CU0025,Chris Butler,24,Female,Phoenix,AZ,West,Regular,chris.butler66@email.com,2018-08-21,,,,
CU0026,Aaron Wilson,31,Male,Miami,FL,South,New,aaron.wilson75@email.com,2020-10-05,,,,
CU0027,Mason Butler,62,Male,Minneapolis,MN,Central,Regular,mason.butler31@webmail.com,2021-07-10,,,,
CU0028,Lucas Phillips,24,Female,Portland,OR,West,New,lucas.phillips59@email.com,2018-02-08,,,,
CU0029,Gregory Campbell,35,Female,Atlanta,GA,South,New,gregory.campbell37@mailbox.com,2022-02-22,,,,
CU0030,Owen Phillips,22,Male,Minneapolis,MN,Central,New,owen.phillips85@email.com,2021-05-11,,,,
CU0031,Abigail Harris,60,Male,Buffalo,NY,North,Regular,abigail.harris92@webmail.com,2020-05-12,,,,
CU0032,Abigail Henderson,19,Female,Portland,OR,West,New,abigail.henderson82@fastmail.com,2019-01-14,,,,
CU0033,James Sanchez,64,Male,Atlanta,GA,South,Regular,james.sanchez72@email.com,2022-10-18,,,,
CU0034,Sophia Long,70,Female,Boston,MA,North,Regular,sophia.long6@webmail.com,2019-06-07,,,,
CU0035,Laura Reed,35,Female,Dallas,TX,South,Regular,laura.reed80@mailbox.com,2022-07-23,,,,
CU0036,Alexander Scott,21,Male,Los Angeles,CA,West,New,alexander.scott86@mailbox.com,2022-08-14,,,,
CU0037,Jason Jones,24,Male,Seattle,WA,West,New,jason.jones40@mailbox.com,2021-12-03,,,,
CU0038,Layla Sanchez,27,Non-binary,Baltimore,MD,East,Regular,layla.sanchez52@webmail.com,2023-09-18,,,,
CU0039,Abigail Scott,60,Male,Columbus,OH,Central,Premium,abigail.scott94@webmail.com,2021-11-16,,,,
CU0040,Ethan Murphy,32,Male,Detroit,MI,Central,Premium,ethan.murphy67@mailbox.com,2018-01-07,,,,
CU0041,Naomi Sanchez,40,Female,Columbus,OH,Central,Regular,naomi.sanchez65@webmail.com,2021-05-15,,,,
CU0042,Layla Wallace,39,Male,Hartford,CT,East,Regular,layla.wallace87@mailbox.com,2022-04-02,,,,
CU0043,Layla Patterson,33,Male,Boston,MA,North,Regular,layla.patterson60@fastmail.com,2021-08-12,,,,
CU0044,Skylar Bennett,42,Male,Houston,TX,South,Premium,skylar.bennett12@mailbox.com,2021-10-04,,,,
CU0045,Charlotte Young,56,Male,New York,NY,North,Regular,charlotte.young59@fastmail.com,2018-10-26,,,,
CU0046,Charles Cole,34,Male,San Diego,CA,West,Regular,charles.cole97@email.com,2018-01-23,,,,
CU0047,Henry Wallace,62,Male,Indianapolis,IN,Central,Regular,henry.wallace59@mailbox.com,2019-05-13,,,,
CU0048,Claire Hughes,33,Female,Columbus,OH,Central,New,claire.hughes55@fastmail.com,2023-08-30,,,,
CU0049,Leah Campbell,38,Female,Atlanta,GA,South,Regular,leah.campbell36@fastmail.com,2020-09-06,,,,
CU0050,Thomas Mitchell,65,Female,Pittsburgh,PA,East,Regular,thomas.mitchell30@fastmail.com,2019-09-10,,,,
CU0051,Amelia Wilson,69,Male,San Diego,CA,West,Regular,amelia.wilson27@fastmail.com,2018-09-13,,,,
CU0052,Benjamin Wallace,46,Male,Buffalo,NY,North,Regular,benjamin.wallace39@fastmail.com,2021-12-11,,,,
CU0053,Frank Reynolds,,Female,Minneapolis,MN,Central,Regular,frank.reynolds56@fastmail.com,2021-01-22,,,,
CU0054,Zoey Ford,18,Female,Seattle,WA,West,New,zoey.ford4@fastmail.com,2023-12-28,,,,
CU0055,David Diaz,40,Female,Seattle,WA,West,Regular,david.diaz49@webmail.com,2020-12-01,,,,
CU0056,Zoey Ellis,,Female,Portland,OR,West,New,zoey.ellis11@fastmail.com,2020-10-30,,,,
CU0057,Peyton Miller,40,Female,Richmond,VA,East,Premium,peyton.miller97@email.com,2018-06-14,,,,
CU0058,Daniel Alexander,38,Male,Dallas,TX,South,Premium,daniel.alexander60@webmail.com,2020-06-11,,,,
CU0059,Violet Gonzales,65,Non-binary,Philadelphia,PA,North,Regular,violet.gonzales40@fastmail.com,2018-04-16,,,,
CU0060,Charlotte Taylor,55,Male,Detroit,MI,Central,Premium,charlotte.taylor73@email.com,2019-05-11,,,,
CU0061,Mason Morgan,43,Female,Buffalo,NY,North,Regular,mason.morgan63@email.com,2022-09-17,,,,
CU0062,Maya Hughes,66,Male,Miami,FL,South,Regular,maya.hughes79@fastmail.com,2021-01-11,,,,
CU0063,Stella Mitchell,62,Female,Richmond,VA,East,Regular,stella.mitchell32@fastmail.com,2023-01-21,,,,
CU0064,Jason Morris,58,Female,Newark,NJ,North,Regular,jason.morris46@webmail.com,2020-05-18,,,,
CU0065,Caroline Carter,68,Female,Chicago,IL,Central,Regular,caroline.carter93@fastmail.com,2020-09-15,,,,
CU0066,Thomas Sullivan,39,Male,San Diego,CA,West,Regular,thomas.sullivan29@fastmail.com,2021-04-20,,,,
CU0067,Mason Butler,36,Female,Providence,RI,East,Regular,mason.butler46@fastmail.com,2021-09-16,,,,
CU0068,Harper Martin,37,Male,Atlanta,GA,South,Regular,harper.martin25@mailbox.com,2020-01-29,,,,
CU0069,Jack Simmons,39,Male,Minneapolis,MN,Central,Regular,jack.simmons38@mailbox.com,2020-03-06,,,,
CU0070,Emily Woods,33,Male,Detroit,MI,Central,New,emily.woods90@mailbox.com,2021-04-11,,,,
CU0071,Olivia Johnson,50,Male,Columbus,OH,Central,Regular,olivia.johnson7@webmail.com,2020-01-26,,,,
CU0072,Ethan Wilson,47,Male,San Diego,CA,West,Premium,ethan.wilson20@mailbox.com,2018-08-08,,,,
CU0073,David Hall,56,Female,Buffalo,NY,North,Premium,david.hall67@fastmail.com,2020-07-13,,,,
CU0074,Kevin Simmons,36,Female,Portland,OR,West,Regular,kevin.simmons98@mailbox.com,2019-02-11,,,,
CU0075,Mason Anderson,50,Male,Dallas,TX,South,Regular,mason.anderson53@fastmail.com,2018-01-11,,,,
CU0076,Scarlett Jones,65,Female,Atlanta,GA,South,Premium,scarlett.jones10@mailbox.com,2023-02-03,,,,
CU0077,Mason Hill,47,Female,Los Angeles,CA,West,Premium,mason.hill19@email.com,2020-12-24,,,,
CU0078,Aaron Reynolds,52,Male,Columbus,OH,Central,Regular,aaron.reynolds90@fastmail.com,2021-05-30,,,,
CU0079,Peyton Ross,,Female,Los Angeles,CA,West,New,peyton.ross78@webmail.com,2021-08-13,,,,
CU0080,Harper Hamilton,23,Female,Minneapolis,MN,Central,New,harper.hamilton74@email.com,2021-01-08,,,,
CU0081,Kyle Jenkins,49,Male,Portland,OR,West,Premium,kyle.jenkins12@fastmail.com,2023-07-08,,,,
CU0082,Chloe Ford,63,Male,Philadelphia,PA,North,Premium,chloe.ford85@fastmail.com,2021-03-26,,,,
CU0083,Michael Hughes,54,Male,Boston,MA,North,Regular,michael.hughes66@email.com,2022-07-14,,,,
CU0084,Aubrey Richardson,41,Female,Philadelphia,PA,North,Premium,aubrey.richardson81@fastmail.com,2023-08-04,,,,
CU0085,Andrew Patterson,47,Male,Atlanta,GA,South,Premium,andrew.patterson4@mailbox.com,2019-05-13,,,,
CU0086,Raymond Johnson,22,Male,Indianapolis,IN,Central,New,raymond.johnson60@email.com,2019-04-10,,,,
CU0087,Brooklyn Cole,29,Female,Hartford,CT,East,Regular,brooklyn.cole61@mailbox.com,2023-05-31,,,,
CU0088,Aria Nguyen,70,Female,Minneapolis,MN,Central,Regular,aria.nguyen36@fastmail.com,2018-10-13,,,,
CU0089,Gregory Mitchell,29,Female,Boston,MA,North,New,gregory.mitchell20@fastmail.com,2023-06-29,,,,
CU0090,Eric Patterson,34,Male,Indianapolis,IN,Central,Regular,eric.patterson90@mailbox.com,2020-02-12,,,,
CU0091,Anna Richardson,30,Female,Boston,MA,North,Premium,anna.richardson50@mailbox.com,2022-04-11,,,,
CU0092,John Henderson,,Female,Columbus,OH,Central,New,john.henderson13@fastmail.com,2022-12-09,,,,
CU0093,William Richardson,28,Male,Houston,TX,South,New,william.richardson80@fastmail.com,2021-10-18,,,,
CU0094,Logan Powell,25,Female,Portland,OR,West,New,logan.powell70@email.com,2023-06-22,,,,
CU0095,Brandon Graham,64,Female,Richmond,VA,East,Regular,brandon.graham98@email.com,2019-02-08,,,,
CU0096,Kevin Brown,46,Female,Boston,MA,North,Regular,kevin.brown56@mailbox.com,2022-03-16,,,,
CU0097,Samuel Graham,65,Male,Dallas,TX,South,Premium,samuel.graham80@mailbox.com,2022-04-16,,,,
CU0098,William Nelson,50,Male,Portland,OR,West,Premium,william.nelson37@mailbox.com,2023-03-21,,,,
CU0099,Stella Phillips,56,Male,Portland,OR,West,Regular,stella.phillips62@email.com,2022-04-25,,,,
CU0100,Lily Washington,19,Male,Pittsburgh,PA,East,New,lily.washington36@email.com,2022-06-10,,,,
CU0101,Violet Reynolds,63,Female,Portland,OR,West,Regular,violet.reynolds29@mailbox.com,2021-12-14,,,,
CU0102,Noah West,36,Female,Houston,TX,South,Premium,noah.west57@email.com,2021-06-19,,,,
CU0103,Nina Turner,36,Male,Providence,RI,East,Regular,nina.turner68@webmail.com,2022-02-07,,,,
CU0104,Savannah Turner,55,Male,Baltimore,MD,East,Regular,savannah.turner87@fastmail.com,2020-07-13,,,,
CU0105,Mark Thomas,60,Male,Los Angeles,CA,West,Regular,mark.thomas87@webmail.com,2022-02-18,,,,
CU0106,Hannah White,32,Male,Miami,FL,South,New,hannah.white79@mailbox.com,2021-09-05,,,,
CU0107,Caroline Phillips,35,Male,Los Angeles,CA,West,New,caroline.phillips64@email.com,2021-05-31,,,,
CU0108,Emma Murphy,34,Female,Portland,OR,West,Premium,emma.murphy76@mailbox.com,2022-09-13,,,,
CU0109,Tyler Bryant,26,Male,Portland,OR,West,Regular,tyler.bryant57@mailbox.com,2022-12-22,,,,
CU0110,Elena Morgan,61,Male,Columbus,OH,Central,Regular,elena.morgan59@email.com,2019-05-16,,,,
CU0111,Maya Foster,68,Female,New York,NY,North,Regular,maya.foster73@mailbox.com,2019-05-31,,,,
CU0112,Raymond Flores,29,Female,Detroit,MI,Central,Regular,raymond.flores77@email.com,2019-08-28,,,,
CU0113,John Long,25,Male,Richmond,VA,East,New,john.long2@webmail.com,2019-06-24,,,,
CU0114,Stella Stewart,50,Male,Philadelphia,PA,North,Regular,stella.stewart68@email.com,2022-09-21,,,,
CU0115,Leah Cook,21,Male,Minneapolis,MN,Central,Regular,leah.cook94@webmail.com,2018-06-27,,,,
CU0116,Priya Wood,29,Female,San Diego,CA,West,Regular,priya.wood10@email.com,2022-12-22,,,,
CU0117,Tom Thompson,58,Female,Hartford,CT,East,Regular,tom.thompson49@webmail.com,2021-08-24,,,,
CU0118,Riley Jackson,49,Female,Buffalo,NY,North,Regular,riley.jackson30@fastmail.com,2023-01-24,,,,
CU0119,Layla Cox,33,Male,Boston,MA,North,Premium,layla.cox20@fastmail.com,2022-03-14,,,,
CU0120,Nina Ward,55,Female,Boston,MA,North,Premium,nina.ward86@email.com,2021-09-12,,,,
CU0121,Jack Miller,34,Male,Hartford,CT,East,Regular,jack.miller28@mailbox.com,2023-09-10,,,,
CU0122,Olivia Rogers,62,Male,Columbus,OH,Central,Regular,olivia.rogers55@email.com,2020-07-15,,,,
CU0123,Caleb Mitchell,37,Male,Philadelphia,PA,North,Premium,caleb.mitchell45@email.com,2021-10-23,,,,
CU0124,Samuel Myers,57,Male,Los Angeles,CA,West,Premium,samuel.myers12@mailbox.com,2018-05-06,,,,
CU0125,Zoey King,31,Female,Pittsburgh,PA,East,Premium,zoey.king7@mailbox.com,2018-12-14,,,,
CU0126,Logan Anderson,52,Female,Providence,RI,East,Regular,logan.anderson54@webmail.com,2022-12-16,,,,
CU0127,Ethan Rogers,53,Male,Los Angeles,CA,West,Premium,ethan.rogers68@webmail.com,2023-06-17,,,,
CU0128,Aaron Davis,27,Male,Philadelphia,PA,North,Regular,aaron.davis98@webmail.com,2019-07-17,,,,
CU0129,James Ross,67,Male,Seattle,WA,West,Regular,james.ross65@webmail.com,2020-07-31,,,,
CU0130,Laura Ward,31,Female,Newark,NJ,North,New,laura.ward74@fastmail.com,2022-10-25,,,,
CU0131,Scarlett Harris,26,Non-binary,Los Angeles,CA,West,Regular,scarlett.harris89@webmail.com,2023-02-28,,,,
CU0132,Evelyn Ward,69,Female,Indianapolis,IN,Central,Regular,evelyn.ward96@webmail.com,2021-06-24,,,,
CU0133,Isabella Taylor,29,Female,Chicago,IL,Central,Regular,isabella.taylor45@mailbox.com,2021-12-02,,,,
CU0134,Matthew Hill,64,Male,Charlotte,NC,South,Premium,matthew.hill23@fastmail.com,2018-11-05,,,,
CU0135,Ellie Butler,20,Female,Phoenix,AZ,West,New,ellie.butler81@webmail.com,2021-08-16,,,,
CU0136,Kyle Peterson,23,Female,Pittsburgh,PA,East,Regular,kyle.peterson40@fastmail.com,2018-10-31,,,,
CU0137,Hannah Roberts,56,Female,New York,NY,North,Regular,hannah.roberts75@email.com,2023-03-11,,,,
CU0138,Penelope Nguyen,41,Male,Hartford,CT,East,Regular,penelope.nguyen58@email.com,2018-09-11,,,,
CU0139,Hazel Anderson,46,Male,Detroit,MI,Central,Premium,hazel.anderson68@mailbox.com,2022-12-05,,,,
CU0140,Aria Richardson,52,Male,Hartford,CT,East,Premium,aria.richardson9@webmail.com,2021-10-02,,,,
CU0141,Ryan Rivera,53,Male,Detroit,MI,Central,Premium,ryan.rivera45@webmail.com,2019-08-03,,,,
CU0142,John Foster,55,Female,Boston,MA,North,Premium,john.foster17@email.com,2021-09-07,,,,
CU0143,Skylar Cook,22,Male,Boston,MA,North,New,skylar.cook99@fastmail.com,2021-10-31,,,,
CU0144,Sophia Taylor,59,Female,Baltimore,MD,East,Regular,sophia.taylor5@webmail.com,2023-11-27,,,,
CU0145,John Foster,29,Male,Seattle,WA,West,New,john.foster93@fastmail.com,2019-11-10,,,,
CU0146,Logan West,58,Female,Miami,FL,South,Premium,logan.west30@mailbox.com,2023-01-13,,,,
CU0147,Charles Morgan,32,Male,Indianapolis,IN,Central,Regular,charles.morgan65@fastmail.com,2022-04-14,,,,
CU0148,Violet Moore,23,Female,Baltimore,MD,East,New,violet.moore92@email.com,2019-02-25,,,,
CU0149,Andrew Gray,46,Female,Detroit,MI,Central,Regular,andrew.gray58@webmail.com,2020-06-28,,,,
CU0150,Chris Bailey,21,Male,Columbus,OH,Central,New,chris.bailey29@email.com,2022-03-16,,,,
CU0151,Hazel Hayes,50,Male,Richmond,VA,East,Regular,hazel.hayes90@mailbox.com,2023-04-20,,,,
CU0152,Leah Bryant,38,Male,New York,NY,North,Regular,leah.bryant71@fastmail.com,2019-09-05,,,,
CU0153,Thomas Phillips,59,Male,New York,NY,North,Premium,thomas.phillips9@email.com,2023-02-16,,,,
CU0154,Aaron Powell,43,Female,Buffalo,NY,North,Premium,aaron.powell55@email.com,2021-04-08,,,,
CU0155,Eleanor Cox,50,Female,Houston,TX,South,Regular,eleanor.cox70@email.com,2023-11-25,,,,
CU0156,Laura Griffin,60,Male,Portland,OR,West,Regular,laura.griffin45@mailbox.com,2018-10-04,,,,
CU0157,Olivia Harrison,63,Male,Columbus,OH,Central,Regular,olivia.harrison83@mailbox.com,2021-10-18,,,,
CU0158,Aubrey Wallace,70,Female,Seattle,WA,West,Regular,aubrey.wallace5@webmail.com,2023-02-18,,,,
CU0159,Charlotte Garcia,24,Female,Pittsburgh,PA,East,New,charlotte.garcia33@email.com,2023-04-24,,,,
CU0160,Ryan Reed,52,Male,Boston,MA,North,Premium,ryan.reed52@fastmail.com,2022-11-25,,,,
CU0161,Zoey Torres,39,Male,San Diego,CA,West,Premium,zoey.torres11@fastmail.com,2020-12-28,,,,
CU0162,Peyton Turner,56,Male,Baltimore,MD,East,Premium,peyton.turner58@fastmail.com,2021-06-09,,,,
CU0163,Paul Gray,67,Female,Boston,MA,North,Regular,paul.gray10@fastmail.com,2018-08-23,,,,
CU0164,Logan King,51,Female,Philadelphia,PA,North,Premium,logan.king5@mailbox.com,2022-11-30,,,,
CU0165,Mark Murphy,64,Female,Chicago,IL,Central,Premium,mark.murphy48@fastmail.com,2022-02-28,,,,
CU0166,Emma Perry,44,Male,Providence,RI,East,Regular,emma.perry4@mailbox.com,2019-04-10,,,,
CU0167,Addison Martin,28,Female,Pittsburgh,PA,East,Regular,addison.martin89@fastmail.com,2021-03-15,,,,
CU0168,Rachel Gray,35,Non-binary,Miami,FL,South,New,rachel.gray86@webmail.com,2021-08-02,,,,
CU0169,Peyton Turner,24,Female,Richmond,VA,East,New,peyton.turner47@mailbox.com,2019-12-15,,,,
CU0170,Emma Baker,33,Male,Los Angeles,CA,West,Premium,emma.baker71@mailbox.com,2023-03-30,,,,
CU0171,Tom Evans,56,Female,San Diego,CA,West,Premium,tom.evans17@webmail.com,2018-10-30,,,,
CU0172,Aubrey Graham,19,Male,Columbus,OH,Central,New,aubrey.graham99@mailbox.com,2020-01-16,,,,
CU0173,Maria Jenkins,36,Male,Atlanta,GA,South,Regular,maria.jenkins45@webmail.com,2020-07-12,,,,
CU0174,Charlotte Griffin,57,Male,Columbus,OH,Central,Regular,charlotte.griffin12@mailbox.com,2023-12-26,,,,
CU0175,Sophia Wright,26,Male,Minneapolis,MN,Central,New,sophia.wright4@email.com,2018-06-18,,,,
CU0176,Penelope Flores,63,Female,Indianapolis,IN,Central,Regular,penelope.flores83@webmail.com,2021-04-01,,,,
CU0177,Layla Phillips,58,Female,Los Angeles,CA,West,Regular,layla.phillips62@fastmail.com,2022-08-30,,,,
CU0178,William Collins,49,Non-binary,Pittsburgh,PA,East,Regular,william.collins66@email.com,2022-02-26,,,,
CU0179,Maria Mitchell,30,Male,Seattle,WA,West,Regular,maria.mitchell79@fastmail.com,2022-04-23,,,,
CU0180,Chloe Washington,51,Female,Richmond,VA,East,Regular,chloe.washington60@fastmail.com,2023-10-10,,,,
CU0181,Daniel Thomas,58,Male,Phoenix,AZ,West,Regular,daniel.thomas7@email.com,2021-12-16,,,,
CU0182,Penelope Hamilton,30,Female,Portland,OR,West,New,penelope.hamilton18@webmail.com,2022-11-01,,,,
CU0183,Mark Garcia,68,Female,Los Angeles,CA,West,Regular,mark.garcia10@fastmail.com,2021-03-28,,,,
CU0184,Raymond Carter,29,Male,Minneapolis,MN,Central,New,raymond.carter48@webmail.com,2022-06-02,,,,
CU0185,Noah Young,50,Female,Charlotte,NC,South,Regular,noah.young5@mailbox.com,2018-07-05,,,,
CU0186,Dennis Hughes,67,Female,Charlotte,NC,South,Regular,dennis.hughes21@fastmail.com,2021-07-28,,,,
CU0187,Kevin Simmons,63,Female,Hartford,CT,East,Regular,kevin.simmons61@email.com,2021-05-12,,,,
CU0188,Ethan Cox,65,Female,Columbus,OH,Central,Premium,ethan.cox77@fastmail.com,2018-04-20,,,,
CU0189,Eleanor Nelson,,Female,Buffalo,NY,North,Regular,eleanor.nelson19@mailbox.com,2022-04-07,,,,
CU0190,Caroline Harris,69,Male,Houston,TX,South,Regular,caroline.harris89@mailbox.com,2022-08-19,,,,
CU0191,Justin Bennett,39,Female,Philadelphia,PA,North,Premium,justin.bennett68@fastmail.com,2023-05-14,,,,
CU0192,Sean Powell,43,Male,Hartford,CT,East,Premium,sean.powell79@fastmail.com,2020-12-18,,,,
CU0193,Ella Hughes,33,Female,Richmond,VA,East,New,ella.hughes91@mailbox.com,2021-03-29,,,,
CU0194,Brian Wood,62,Female,Hartford,CT,East,Premium,brian.wood37@email.com,2021-01-25,,,,
CU0195,Jason Bailey,67,Male,Richmond,VA,East,Regular,jason.bailey45@fastmail.com,2018-11-20,,,,
CU0196,Savannah Green,65,Male,Charlotte,NC,South,Premium,savannah.green18@email.com,2021-01-17,,,,
CU0197,Thomas Hall,26,Male,Buffalo,NY,North,Regular,thomas.hall53@webmail.com,2019-02-15,,,,
CU0198,Elena Harrison,24,Non-binary,Houston,TX,South,New,elena.harrison53@fastmail.com,2019-10-09,,,,
CU0199,Noah Roberts,19,Female,Pittsburgh,PA,East,New,noah.roberts84@mailbox.com,2019-01-02,,,,
CU0200,Henry Cox,20,Non-binary,Houston,TX,South,Regular,henry.cox24@webmail.com,2023-07-23,,,,
CU0201,Kevin Flores,28,Female,Chicago,IL,Central,Regular,kevin.flores83@fastmail.com,2023-02-05,,,,
CU0202,Gregory Price,20,Female,Richmond,VA,East,Regular,gregory.price83@webmail.com,2023-02-23,,,,
CU0203,Liam Morris,62,Female,Hartford,CT,East,Regular,liam.morris55@webmail.com,2022-07-19,,,,
CU0204,Robert Torres,37,Male,Miami,FL,South,Regular,robert.torres50@mailbox.com,2020-12-04,,,,
CU0205,Eric Phillips,38,Male,Minneapolis,MN,Central,Premium,eric.phillips8@email.com,2020-08-25,,,,
CU0206,Layla Graham,36,Female,Columbus,OH,Central,Premium,layla.graham48@mailbox.com,2021-04-23,,,,
CU0207,Savannah Allen,33,Male,Phoenix,AZ,West,Premium,savannah.allen97@mailbox.com,2023-04-13,,,,
CU0208,Claire Gray,37,Male,Columbus,OH,Central,Premium,claire.gray71@mailbox.com,2018-09-10,,,,
CU0209,Isabella Stewart,49,Male,Indianapolis,IN,Central,Regular,isabella.stewart12@fastmail.com,2023-06-26,,,,
CU0210,John Coleman,28,Female,San Diego,CA,West,Premium,john.coleman93@email.com,2021-06-16,,,,
CU0211,Alice Green,24,Male,Chicago,IL,Central,Regular,alice.green70@email.com,2018-09-19,,,,
CU0212,Kyle Jones,44,Male,Providence,RI,East,Regular,kyle.jones48@fastmail.com,2022-09-18,,,,
CU0213,Jason Anderson,66,Female,Detroit,MI,Central,Regular,jason.anderson69@fastmail.com,2020-01-02,,,,
CU0214,Joseph Smith,43,Male,Boston,MA,North,Premium,joseph.smith69@fastmail.com,2022-10-04,,,,
CU0215,Sean Rogers,18,Male,Atlanta,GA,South,New,sean.rogers5@fastmail.com,2019-04-08,,,,
CU0216,Thomas Flores,34,Female,New York,NY,North,Regular,thomas.flores32@email.com,2018-07-19,,,,
CU0217,Peyton Green,29,Female,Philadelphia,PA,North,Regular,peyton.green74@webmail.com,2021-07-30,,,,
CU0218,Mason Jenkins,23,Male,Miami,FL,South,Regular,mason.jenkins81@fastmail.com,2019-12-19,,,,
CU0219,Paul Diaz,54,Male,Phoenix,AZ,West,Regular,paul.diaz39@fastmail.com,2019-09-04,,,,
CU0220,Kyle Baker,55,Female,Atlanta,GA,South,Regular,kyle.baker8@fastmail.com,2023-03-12,,,,
CU0221,Claire Moore,66,Male,Seattle,WA,West,Regular,claire.moore58@webmail.com,2018-11-20,,,,
CU0222,Charles Miller,49,Female,Providence,RI,East,Premium,charles.miller25@mailbox.com,2018-10-26,,,,
CU0223,Kevin Johnson,35,Non-binary,Dallas,TX,South,Regular,kevin.johnson32@mailbox.com,2023-05-16,,,,
CU0224,Raymond Stewart,59,Male,Providence,RI,East,Premium,raymond.stewart34@webmail.com,2021-06-17,,,,
CU0225,Aubrey Jackson,21,Female,Portland,OR,West,Regular,aubrey.jackson6@mailbox.com,2022-08-23,,,,
CU0226,Abigail Patterson,35,Female,Minneapolis,MN,Central,Regular,abigail.patterson43@mailbox.com,2020-03-14,,,,
CU0227,Brooklyn Patterson,42,Female,Pittsburgh,PA,East,Regular,brooklyn.patterson59@mailbox.com,2023-07-03,,,,
CU0228,Isabella Moore,20,Male,Indianapolis,IN,Central,New,isabella.moore68@email.com,2018-08-29,,,,
CU0229,Naomi Miller,,Male,Newark,NJ,North,Premium,naomi.miller91@mailbox.com,2018-10-06,,,,
CU0230,Gregory Hughes,,Female,Baltimore,MD,East,Premium,gregory.hughes85@fastmail.com,2023-06-03,,,,
CU0231,Frank Patterson,39,Male,Los Angeles,CA,West,Premium,frank.patterson3@fastmail.com,2021-03-20,,,,
CU0232,Olivia Jackson,33,Male,Detroit,MI,Central,Premium,olivia.jackson46@webmail.com,2020-10-30,,,,
CU0233,Hannah Cooper,30,Male,Phoenix,AZ,West,Premium,hannah.cooper88@email.com,2021-05-13,,,,
CU0234,Nina Cooper,47,Female,San Diego,CA,West,Regular,nina.cooper90@mailbox.com,2018-02-08,,,,
CU0235,Lucas Sanchez,20,Female,Chicago,IL,Central,New,lucas.sanchez28@fastmail.com,2020-07-30,,,,
CU0236,Elena Carter,68,Female,Minneapolis,MN,Central,Regular,elena.carter3@mailbox.com,2021-07-12,,,,
CU0237,Hazel Bailey,67,Male,Boston,MA,North,Regular,hazel.bailey87@webmail.com,2022-05-13,,,,
CU0238,Emma Sullivan,41,Female,Buffalo,NY,North,Regular,emma.sullivan56@mailbox.com,2019-02-05,,,,
CU0239,Violet Harrison,56,Male,Minneapolis,MN,Central,Premium,violet.harrison82@webmail.com,2018-05-02,,,,
CU0240,Tyler Nelson,65,Female,Hartford,CT,East,Regular,tyler.nelson11@webmail.com,2022-04-06,,,,
CU0241,Rachel Anderson,34,Male,Richmond,VA,East,Premium,rachel.anderson95@fastmail.com,2019-09-24,,,,
CU0242,Nina Smith,55,Male,Providence,RI,East,Regular,nina.smith12@mailbox.com,2019-06-27,,,,
CU0243,Addison Coleman,20,Male,Los Angeles,CA,West,Regular,addison.coleman77@webmail.com,2019-01-17,,,,
CU0244,Scarlett Richardson,38,Female,Los Angeles,CA,West,Premium,scarlett.richardson74@mailbox.com,2020-09-21,,,,
CU0245,Emma Mitchell,70,Female,Pittsburgh,PA,East,Regular,emma.mitchell36@fastmail.com,2022-11-16,,,,
CU0246,Rachel Cook,20,Female,Richmond,VA,East,Regular,rachel.cook59@email.com,2020-03-11,,,,
CU0247,Nathan Sanchez,58,Female,Indianapolis,IN,Central,Regular,nathan.sanchez56@mailbox.com,2021-10-03,,,,
CU0248,Caleb Hill,70,Male,Portland,OR,West,Regular,caleb.hill38@fastmail.com,2021-07-31,,,,
CU0249,Evelyn Stewart,54,Female,Portland,OR,West,Regular,evelyn.stewart73@mailbox.com,2019-04-12,,,,
CU0250,Mia Graham,24,Female,Chicago,IL,Central,Regular,mia.graham57@webmail.com,2020-05-08,,,,
CU0251,Adam Hamilton,24,Female,Seattle,WA,West,Regular,adam.hamilton92@fastmail.com,2019-09-24,,,,
CU0252,Leah Foster,43,Male,Phoenix,AZ,West,Regular,leah.foster70@email.com,2022-09-10,,,,
CU0253,Caroline Powell,61,Male,Chicago,IL,Central,Regular,caroline.powell22@email.com,2021-12-25,,,,
CU0254,Logan Diaz,67,Non-binary,Portland,OR,West,Regular,logan.diaz13@webmail.com,2018-02-13,,,,
CU0255,Dennis Hughes,21,Male,Minneapolis,MN,Central,Regular,dennis.hughes99@mailbox.com,2023-03-12,,,,
CU0256,Savannah White,70,Female,Providence,RI,East,Regular,savannah.white45@webmail.com,2019-08-04,,,,
CU0257,George Jenkins,65,Male,Portland,OR,West,Regular,george.jenkins41@email.com,2023-01-28,,,,
CU0258,Ethan Williams,41,Female,Baltimore,MD,East,Regular,ethan.williams67@mailbox.com,2020-09-26,,,,
CU0259,Addison Howard,40,Female,Seattle,WA,West,Premium,addison.howard82@fastmail.com,2020-02-03,,,,
CU0260,Leah Simmons,54,Male,San Diego,CA,West,Regular,leah.simmons97@email.com,2021-02-14,,,,
CU0261,Mia Cook,59,Male,Richmond,VA,East,Regular,mia.cook68@webmail.com,2023-06-28,,,,
CU0262,Nathan Simmons,57,Male,Boston,MA,North,Regular,nathan.simmons87@webmail.com,2019-12-08,,,,
CU0263,David Hamilton,46,Male,Atlanta,GA,South,Regular,david.hamilton48@mailbox.com,2020-01-20,,,,
CU0264,Aaron Moore,28,Male,Indianapolis,IN,Central,Regular,aaron.moore72@mailbox.com,2019-12-11,,,,
CU0265,Mia Collins,44,Male,Phoenix,AZ,West,Regular,mia.collins63@mailbox.com,2018-02-09,,,,
CU0266,Addison Henderson,21,Female,San Diego,CA,West,Regular,addison.henderson63@mailbox.com,2022-12-24,,,,
CU0267,Ellie Adams,27,Male,Baltimore,MD,East,Regular,ellie.adams59@fastmail.com,2019-11-20,,,,
CU0268,Eleanor Harris,47,Female,Hartford,CT,East,Regular,eleanor.harris98@fastmail.com,2018-06-20,,,,
CU0269,Olivia Owens,27,Female,Atlanta,GA,South,Regular,olivia.owens45@email.com,2020-12-12,,,,
CU0270,Anna Baker,24,Female,Charlotte,NC,South,New,anna.baker22@mailbox.com,2022-10-20,,,,
CU0271,Priya Flores,37,Male,Hartford,CT,East,Regular,priya.flores91@webmail.com,2021-08-18,,,,
CU0272,Skylar Hamilton,36,Non-binary,Philadelphia,PA,North,Premium,skylar.hamilton36@mailbox.com,2018-08-31,,,,
CU0273,Evelyn Young,52,Female,Richmond,VA,East,Premium,evelyn.young19@webmail.com,2023-06-28,,,,
CU0274,Leah Taylor,20,Female,Newark,NJ,North,Regular,leah.taylor59@fastmail.com,2022-02-20,,,,
CU0275,Anna Jordan,55,Female,Newark,NJ,North,Premium,anna.jordan69@fastmail.com,2018-09-17,,,,
CU0276,Amelia Ross,63,Female,Pittsburgh,PA,East,Regular,amelia.ross73@fastmail.com,2019-06-19,,,,
CU0277,Ellie Miller,18,Female,New York,NY,North,New,ellie.miller16@mailbox.com,2018-03-08,,,,
CU0278,Patrick Hill,29,Male,Atlanta,GA,South,New,patrick.hill12@webmail.com,2021-01-27,,,,
CU0279,Naomi Hayes,20,Male,Houston,TX,South,Regular,naomi.hayes55@email.com,2020-08-17,,,,
CU0280,Amelia Wood,27,Female,Philadelphia,PA,North,Regular,amelia.wood2@email.com,2022-12-28,,,,
CU0281,Patrick Sullivan,39,Male,Miami,FL,South,Regular,patrick.sullivan14@webmail.com,2019-02-24,,,,
CU0282,Emma Bell,37,Male,Dallas,TX,South,Premium,emma.bell57@webmail.com,2019-11-04,,,,
CU0283,Adam Bryant,47,Male,Seattle,WA,West,Regular,adam.bryant76@fastmail.com,2019-05-20,,,,
CU0284,Brian Moore,62,Female,Atlanta,GA,South,Regular,brian.moore89@email.com,2021-03-13,,,,
CU0285,Kevin Flores,43,Female,Minneapolis,MN,Central,Premium,kevin.flores83@email.com,2021-04-25,,,,
CU0286,Brooklyn Murphy,36,Female,Philadelphia,PA,North,Premium,brooklyn.murphy2@webmail.com,2023-12-04,,,,
CU0287,Aria Flores,,Female,Portland,OR,West,Regular,aria.flores99@email.com,2023-04-14,,,,
CU0288,Tom Johnson,52,Male,Richmond,VA,East,Regular,tom.johnson65@webmail.com,2022-06-19,,,,
CU0289,Aiden Cox,52,Male,San Diego,CA,West,Regular,aiden.cox36@email.com,2019-09-18,,,,
CU0290,George Allen,43,Male,Columbus,OH,Central,Premium,george.allen40@fastmail.com,2018-09-28,,,,
CU0291,Priya Hall,36,Male,Newark,NJ,North,Premium,priya.hall40@mailbox.com,2018-08-14,,,,
CU0292,Caroline Johnson,69,Female,Miami,FL,South,Regular,caroline.johnson22@webmail.com,2020-11-27,,,,
CU0293,Andrew Jordan,56,Male,New York,NY,North,Regular,andrew.jordan9@webmail.com,2023-11-16,,,,
CU0294,Brandon Taylor,26,Female,San Diego,CA,West,Regular,brandon.taylor48@mailbox.com,2019-11-15,,,,
CU0295,Eleanor Hamilton,44,Female,Philadelphia,PA,North,Regular,eleanor.hamilton32@email.com,2018-02-20,,,,
CU0296,Sophia Scott,48,Female,Buffalo,NY,North,Premium,sophia.scott29@webmail.com,2022-09-14,,,,
CU0297,Andrew Taylor,30,Male,Columbus,OH,Central,Premium,andrew.taylor23@mailbox.com,2018-08-04,,,,
CU0298,Layla Wilson,,Female,Portland,OR,West,Regular,layla.wilson71@fastmail.com,2018-12-20,,,,
CU0299,Charlotte Turner,69,Female,Columbus,OH,Central,Regular,charlotte.turner76@fastmail.com,2022-02-17,,,,
CU0300,Charlotte Jordan,18,Male,Detroit,MI,Central,New,charlotte.jordan30@webmail.com,2018-04-08,,,,
CU0301,Eric Smith,29,Male,Portland,OR,West,Regular,eric.smith54@fastmail.com,2020-09-02,,,,
CU0302,Hazel Carter,20,Female,New York,NY,North,New,hazel.carter53@webmail.com,2023-10-30,,,,
CU0303,Benjamin Jackson,36,Female,Detroit,MI,Central,Regular,benjamin.jackson56@mailbox.com,2018-09-13,,,,
CU0304,Brian Bailey,30,Male,Pittsburgh,PA,East,Regular,brian.bailey18@email.com,2020-04-10,,,,
CU0305,Leah Price,27,Male,Providence,RI,East,Regular,leah.price58@webmail.com,2020-04-30,,,,
CU0306,Nina King,29,Male,Hartford,CT,East,New,nina.king19@email.com,2021-09-04,,,,
CU0307,Nathan Coleman,35,Male,Boston,MA,North,New,nathan.coleman52@fastmail.com,2018-05-08,,,,
CU0308,Evelyn Jackson,45,Female,Los Angeles,CA,West,Regular,evelyn.jackson8@mailbox.com,2018-02-18,,,,
CU0309,Hannah Graham,32,Female,Buffalo,NY,North,New,hannah.graham3@email.com,2018-11-04,,,,
CU0310,John Thomas,45,Male,Baltimore,MD,East,Regular,john.thomas74@fastmail.com,2019-11-20,,,,
CU0311,Brooklyn Brown,29,Male,San Diego,CA,West,Regular,brooklyn.brown36@webmail.com,2020-02-06,,,,
CU0312,Michael Bryant,37,Male,Minneapolis,MN,Central,Regular,michael.bryant71@fastmail.com,2022-08-15,,,,
CU0313,Aria Moore,50,Female,Seattle,WA,West,Premium,aria.moore81@email.com,2020-10-17,,,,
CU0314,Savannah Long,,Female,Portland,OR,West,Regular,savannah.long35@mailbox.com,2022-05-10,,,,
CU0315,Aaron Adams,21,Male,Boston,MA,North,New,aaron.adams46@mailbox.com,2023-12-09,,,,
CU0316,Evelyn Myers,52,Female,Atlanta,GA,South,Premium,evelyn.myers98@mailbox.com,2018-08-18,,,,
CU0317,Lily Scott,29,Female,Dallas,TX,South,New,lily.scott76@email.com,2022-01-09,,,,
CU0318,Samuel Flores,19,Female,Charlotte,NC,South,New,samuel.flores70@webmail.com,2023-07-10,,,,
CU0319,Nina Davis,41,Male,Charlotte,NC,South,Regular,nina.davis43@mailbox.com,2018-01-03,,,,
CU0320,Hazel Scott,51,Male,Baltimore,MD,East,Premium,hazel.scott15@webmail.com,2019-08-04,,,,
CU0321,Owen Myers,51,Male,Phoenix,AZ,West,Regular,owen.myers21@fastmail.com,2019-07-13,,,,
CU0322,Penelope Collins,27,Female,Charlotte,NC,South,New,penelope.collins29@mailbox.com,2022-01-01,,,,
CU0323,John Scott,25,Male,Buffalo,NY,North,New,john.scott24@webmail.com,2018-05-13,,,,
CU0324,Maya Flores,33,Male,Newark,NJ,North,Premium,maya.flores45@webmail.com,2020-09-01,,,,
CU0325,Owen Ford,66,Male,Providence,RI,East,Regular,owen.ford45@webmail.com,2018-10-05,,,,
CU0326,James Miller,30,Female,San Diego,CA,West,New,james.miller64@fastmail.com,2022-08-23,,,,
CU0327,Robert Wood,26,Male,Detroit,MI,Central,Regular,robert.wood38@email.com,2018-05-17,,,,
CU0328,Rachel Morris,47,Male,Miami,FL,South,Regular,rachel.morris44@fastmail.com,2019-01-17,,,,
CU0329,Penelope Wright,66,Male,Indianapolis,IN,Central,Regular,penelope.wright25@fastmail.com,2020-04-21,,,,
CU0330,Ruby Long,43,Male,Pittsburgh,PA,East,Regular,ruby.long74@fastmail.com,2022-05-29,,,,
CU0331,James Howard,,Female,Boston,MA,North,Premium,james.howard26@email.com,2023-05-22,,,,
CU0332,Isabella Griffin,36,Male,Baltimore,MD,East,Regular,isabella.griffin61@fastmail.com,2022-06-17,,,,
CU0333,Nina Diaz,32,Male,Indianapolis,IN,Central,New,nina.diaz24@fastmail.com,2022-02-22,,,,
CU0334,Aubrey Campbell,46,Female,Atlanta,GA,South,Regular,aubrey.campbell11@webmail.com,2019-02-01,,,,
CU0335,Noah Simmons,35,Male,Charlotte,NC,South,Regular,noah.simmons54@fastmail.com,2023-11-11,,,,
CU0336,Kyle Phillips,56,Female,Newark,NJ,North,Premium,kyle.phillips74@mailbox.com,2023-08-19,,,,
CU0337,Henry Wright,36,Male,Dallas,TX,South,Regular,henry.wright26@mailbox.com,2022-11-19,,,,
CU0338,Brian Jordan,20,Male,New York,NY,North,Regular,brian.jordan36@fastmail.com,2021-08-28,,,,
CU0339,Caroline Alexander,56,Female,Minneapolis,MN,Central,Regular,caroline.alexander19@email.com,2019-09-05,,,,
CU0340,Anna Jackson,33,Female,Hartford,CT,East,New,anna.jackson50@fastmail.com,2020-12-17,,,,
CU0341,Michael Scott,49,Male,Providence,RI,East,Premium,michael.scott5@fastmail.com,2022-07-04,,,,
CU0342,Caleb Baker,33,Female,Newark,NJ,North,New,caleb.baker44@webmail.com,2018-03-24,,,,
CU0343,Caroline Graham,20,Male,Philadelphia,PA,North,New,caroline.graham42@webmail.com,2022-12-20,,,,
CU0344,Charles Peterson,60,Female,Miami,FL,South,Premium,charles.peterson8@mailbox.com,2022-03-12,,,,
CU0345,Layla Moore,,Male,Minneapolis,MN,Central,Regular,layla.moore8@mailbox.com,2020-04-02,,,,
CU0346,Chris Cook,35,Male,Atlanta,GA,South,Regular,chris.cook82@email.com,2022-06-14,,,,
CU0347,Hannah Barnes,26,Male,Indianapolis,IN,Central,New,hannah.barnes45@mailbox.com,2021-12-03,,,,
CU0348,Alice Sullivan,37,Male,Boston,MA,North,Regular,alice.sullivan29@mailbox.com,2020-05-27,,,,
CU0349,Penelope Richardson,18,Female,Chicago,IL,Central,New,penelope.richardson61@mailbox.com,2018-02-06,,,,
CU0350,Joseph Rivera,57,Female,Columbus,OH,Central,Premium,joseph.rivera55@fastmail.com,2021-02-01,,,,
CU0351,Matthew Green,,Female,Portland,OR,West,New,matthew.green75@email.com,2022-06-15,,,,
CU0352,Mason Morgan,37,Female,Minneapolis,MN,Central,Regular,mason.morgan62@email.com,2019-03-19,,,,
CU0353,Maya Stewart,25,Female,Pittsburgh,PA,East,New,maya.stewart25@mailbox.com,2021-05-08,,,,
CU0354,Priya Foster,53,Female,Portland,OR,West,Premium,priya.foster38@webmail.com,2023-07-31,,,,
CU0355,Aria Owens,58,Female,Buffalo,NY,North,Premium,aria.owens44@mailbox.com,2020-02-17,,,,
CU0356,Naomi Reed,26,Female,Columbus,OH,Central,New,naomi.reed38@email.com,2020-01-12,,,,
CU0357,Jack Hughes,41,Female,Atlanta,GA,South,Regular,jack.hughes96@webmail.com,2020-07-03,,,,
CU0358,Hannah Campbell,32,Male,Columbus,OH,Central,Regular,hannah.campbell82@email.com,2018-08-08,,,,
CU0359,Gregory Martin,56,Male,Phoenix,AZ,West,Regular,gregory.martin18@mailbox.com,2019-09-10,,,,
CU0360,Sean Young,,Female,Richmond,VA,East,Regular,sean.young41@email.com,2019-12-26,,,,
CU0361,Ella Flores,45,Female,Charlotte,NC,South,Regular,ella.flores17@fastmail.com,2018-12-27,,,,
CU0362,Patrick Wood,53,Male,Los Angeles,CA,West,Regular,patrick.wood2@webmail.com,2022-03-09,,,,
CU0363,Charles Williams,27,Male,Philadelphia,PA,North,New,charles.williams17@email.com,2021-07-02,,,,
CU0364,Isabella Wilson,63,Female,Boston,MA,North,Regular,isabella.wilson77@webmail.com,2023-11-02,,,,
CU0365,Emma Morris,28,Female,Portland,OR,West,Regular,emma.morris3@mailbox.com,2022-07-11,,,,
CU0366,Amelia Jordan,59,Female,Buffalo,NY,North,Regular,amelia.jordan49@webmail.com,2018-06-03,,,,
CU0367,Chris Foster,55,Female,New York,NY,North,Regular,chris.foster54@fastmail.com,2019-04-20,,,,
CU0368,Matthew Bennett,45,Female,Dallas,TX,South,Premium,matthew.bennett54@email.com,2021-05-18,,,,
CU0369,Aurora Gonzales,51,Female,Miami,FL,South,Regular,aurora.gonzales37@email.com,2019-04-28,,,,
CU0370,Charlotte Gonzales,19,Female,Atlanta,GA,South,New,charlotte.gonzales91@fastmail.com,2022-01-06,,,,
CU0371,Raymond Ross,25,Male,Miami,FL,South,Regular,raymond.ross15@fastmail.com,2018-12-31,,,,
CU0372,Anna Coleman,34,Female,New York,NY,North,Premium,anna.coleman38@webmail.com,2023-02-14,,,,
CU0373,Henry Garcia,,Female,Pittsburgh,PA,East,Regular,henry.garcia13@email.com,2019-04-20,,,,
CU0374,Emma Myers,41,Male,Atlanta,GA,South,Regular,emma.myers94@email.com,2021-01-03,,,,
CU0375,Mia Harris,61,Non-binary,San Diego,CA,West,Regular,mia.harris89@fastmail.com,2022-04-29,,,,
CU0376,Isabella Harris,32,Non-binary,Houston,TX,South,New,isabella.harris54@fastmail.com,2019-03-01,,,,
CU0377,Mia Bryant,31,Female,Portland,OR,West,New,mia.bryant62@fastmail.com,2019-06-20,,,,
CU0378,Peter Garcia,62,Female,Boston,MA,North,Regular,peter.garcia99@mailbox.com,2023-11-20,,,,
CU0379,Zoey Jenkins,52,Male,Minneapolis,MN,Central,Premium,zoey.jenkins62@webmail.com,2020-10-15,,,,
CU0380,Sophia Hughes,20,Male,Chicago,IL,Central,New,sophia.hughes61@fastmail.com,2023-09-02,,,,
CU0381,Noah Barnes,35,Male,Richmond,VA,East,Regular,noah.barnes29@fastmail.com,2023-09-08,,,,
CU0382,David Hughes,18,Male,Phoenix,AZ,West,New,david.hughes41@email.com,2023-01-06,,,,
CU0383,Olivia Cooper,55,Female,Los Angeles,CA,West,Regular,olivia.cooper78@webmail.com,2019-01-08,,,,
CU0384,George Hayes,59,Male,Portland,OR,West,Regular,george.hayes59@webmail.com,2020-07-02,,,,
CU0385,Aaron Bennett,46,Male,Providence,RI,East,Premium,aaron.bennett1@webmail.com,2020-06-27,,,,
CU0386,Raymond Jenkins,59,Male,Baltimore,MD,East,Regular,raymond.jenkins92@fastmail.com,2019-07-30,,,,
CU0387,Charlotte Nguyen,31,Male,Newark,NJ,North,New,charlotte.nguyen92@webmail.com,2020-02-20,,,,
CU0388,Laura Griffin,,Female,Chicago,IL,Central,Regular,laura.griffin18@fastmail.com,2023-08-28,,,,
CU0389,Liam Miller,28,Female,Indianapolis,IN,Central,Regular,liam.miller23@mailbox.com,2023-09-14,,,,
CU0390,Olivia Murphy,41,Female,Minneapolis,MN,Central,Regular,olivia.murphy54@mailbox.com,2022-04-25,,,,
CU0391,Scarlett Gray,63,Male,Dallas,TX,South,Premium,scarlett.gray39@webmail.com,2023-09-30,,,,
CU0392,Brandon Green,61,Female,Dallas,TX,South,Regular,brandon.green87@mailbox.com,2021-11-15,,,,
CU0393,Henry Henderson,62,Female,Columbus,OH,Central,Premium,henry.henderson75@fastmail.com,2023-05-22,,,,
CU0394,Ryan Howard,68,Male,Buffalo,NY,North,Regular,ryan.howard86@email.com,2018-08-06,,,,
CU0395,Alexander Roberts,56,Female,Richmond,VA,East,Premium,alexander.roberts27@email.com,2021-04-23,,,,
CU0396,Olivia Bryant,31,Female,Detroit,MI,Central,Premium,olivia.bryant66@webmail.com,2020-08-31,,,,
CU0397,Jason Murphy,60,Non-binary,Portland,OR,West,Regular,jason.murphy26@fastmail.com,2020-10-26,,,,
CU0398,Owen Woods,32,Female,Hartford,CT,East,Premium,owen.woods38@fastmail.com,2020-03-03,,,,
CU0399,Mia Scott,36,Male,Chicago,IL,Central,Regular,mia.scott17@mailbox.com,2020-12-18,,,,
CU0400,James Sanchez,35,Male,Seattle,WA,West,New,james.sanchez81@webmail.com,2018-07-28,,,,
CU0401,Lily Taylor,54,Male,Hartford,CT,East,Regular,lily.taylor65@mailbox.com,2018-10-07,,,,
CU0402,Layla Thomas,61,Female,Richmond,VA,East,Premium,layla.thomas47@webmail.com,2021-09-18,,,,
CU0403,Kyle Hughes,70,Female,New York,NY,North,Regular,kyle.hughes6@webmail.com,2020-09-25,,,,
CU0404,Ethan Murphy,52,Female,Hartford,CT,East,Regular,ethan.murphy99@webmail.com,2023-10-19,,,,
CU0405,Leah Barnes,69,Female,Boston,MA,North,Regular,leah.barnes11@email.com,2023-10-06,,,,
CU0406,Frank Powell,41,Male,New York,NY,North,Premium,frank.powell88@fastmail.com,2020-05-23,,,,
CU0407,Frank Wallace,,Female,Los Angeles,CA,West,Regular,frank.wallace92@webmail.com,2023-02-24,,,,
CU0408,Rachel Miller,53,Female,Atlanta,GA,South,Premium,rachel.miller34@fastmail.com,2020-07-21,,,,
CU0409,Riley Collins,24,Female,Newark,NJ,North,Regular,riley.collins97@email.com,2018-09-17,,,,
CU0410,Lily Henderson,62,Female,Boston,MA,North,Regular,lily.henderson37@fastmail.com,2018-12-21,,,,
CU0411,Sarah Bennett,51,Male,Charlotte,NC,South,Premium,sarah.bennett82@mailbox.com,2021-04-23,,,,
CU0412,Emily Patterson,67,Male,Detroit,MI,Central,Regular,emily.patterson69@email.com,2022-06-03,,,,
CU0413,Liam West,44,Male,Richmond,VA,East,Premium,liam.west19@mailbox.com,2023-10-01,,,,
CU0414,Charles Harris,20,Female,Charlotte,NC,South,New,charles.harris83@email.com,2023-03-05,,,,
CU0415,Matthew Jackson,59,Female,Charlotte,NC,South,Regular,matthew.jackson86@mailbox.com,2019-06-10,,,,
CU0416,Tom Nguyen,51,Male,Providence,RI,East,Premium,tom.nguyen89@mailbox.com,2021-06-06,,,,
CU0417,Brian Howard,49,Male,Houston,TX,South,Premium,brian.howard36@webmail.com,2022-11-22,,,,
CU0418,Savannah Price,28,Female,Portland,OR,West,Regular,savannah.price23@email.com,2019-03-22,,,,
CU0419,Frank Hill,30,Female,Baltimore,MD,East,New,frank.hill81@email.com,2023-09-09,,,,
CU0420,Aiden Simmons,34,Female,Houston,TX,South,Regular,aiden.simmons84@mailbox.com,2023-04-18,,,,
CU0421,Aiden Simmons,59,Male,Richmond,VA,East,Regular,aiden.simmons47@email.com,2022-06-14,,,,
CU0422,Elena Wright,22,Male,Detroit,MI,Central,Regular,elena.wright95@fastmail.com,2019-08-22,,,,
CU0423,Joseph Ellis,70,Male,Seattle,WA,West,Regular,joseph.ellis86@mailbox.com,2018-06-25,,,,
CU0424,Mark Murphy,36,Female,San Diego,CA,West,Regular,mark.murphy14@webmail.com,2021-08-20,,,,
CU0425,Benjamin Long,34,Male,Detroit,MI,Central,Regular,benjamin.long67@webmail.com,2018-11-15,,,,
CU0426,Dennis Cooper,34,Female,Pittsburgh,PA,East,Regular,dennis.cooper65@mailbox.com,2018-01-28,,,,
CU0427,Rachel Coleman,41,Male,Richmond,VA,East,Regular,rachel.coleman85@mailbox.com,2019-04-30,,,,
CU0428,Jack Harris,64,Male,San Diego,CA,West,Premium,jack.harris3@mailbox.com,2022-08-11,,,,
CU0429,Stella King,61,Male,Charlotte,NC,South,Premium,stella.king22@webmail.com,2018-08-18,,,,
CU0430,Layla Foster,58,Female,Chicago,IL,Central,Premium,layla.foster11@mailbox.com,2021-03-07,,,,
CU0431,Savannah Wright,49,Female,Miami,FL,South,Premium,savannah.wright80@webmail.com,2020-01-15,,,,
CU0432,Sean Foster,52,Male,Chicago,IL,Central,Regular,sean.foster3@mailbox.com,2019-03-21,,,,
CU0433,Elena Cox,62,Male,Charlotte,NC,South,Regular,elena.cox69@email.com,2018-06-09,,,,
CU0434,John Gonzales,30,Female,Chicago,IL,Central,Premium,john.gonzales67@fastmail.com,2022-11-03,,,,
CU0435,Caroline Perry,36,Female,Seattle,WA,West,Regular,caroline.perry45@email.com,2022-04-11,,,,
CU0436,Savannah Harrison,,Male,Houston,TX,South,New,savannah.harrison33@mailbox.com,2022-08-01,,,,
CU0437,Alice Smith,26,Male,Minneapolis,MN,Central,Regular,alice.smith89@webmail.com,2020-04-21,,,,
CU0438,Sophia Howard,45,Male,Columbus,OH,Central,Regular,sophia.howard79@webmail.com,2022-02-06,,,,
CU0439,Noah Flores,39,Female,Phoenix,AZ,West,Regular,noah.flores72@fastmail.com,2022-02-25,,,,
CU0440,Eleanor Rogers,60,Female,Seattle,WA,West,Premium,eleanor.rogers58@mailbox.com,2020-07-30,,,,
CU0441,Layla Morris,37,Female,Minneapolis,MN,Central,Premium,layla.morris50@email.com,2019-10-21,,,,
CU0442,Kyle Foster,45,Male,Los Angeles,CA,West,Regular,kyle.foster78@email.com,2018-11-24,,,,
CU0443,Justin Hayes,40,Female,Columbus,OH,Central,Premium,justin.hayes82@fastmail.com,2019-12-19,,,,
CU0444,Mason Jenkins,30,Male,Richmond,VA,East,Premium,mason.jenkins90@mailbox.com,2023-10-14,,,,
CU0445,Mark Baker,32,Male,Philadelphia,PA,North,Regular,mark.baker46@fastmail.com,2022-06-25,,,,
CU0446,Dennis Johnson,40,Female,New York,NY,North,Premium,dennis.johnson45@webmail.com,2021-11-26,,,,
CU0447,Sean Cooper,41,Male,Chicago,IL,Central,Regular,sean.cooper72@email.com,2019-03-13,,,,
CU0448,Ethan Coleman,49,Female,Hartford,CT,East,Premium,ethan.coleman49@fastmail.com,2022-12-19,,,,
CU0449,Anna Hughes,34,Female,Phoenix,AZ,West,Regular,anna.hughes9@fastmail.com,2020-11-22,,,,
CU0450,Logan Wallace,25,Male,Atlanta,GA,South,Regular,logan.wallace90@webmail.com,2018-02-09,,,,
CU0451,Layla Hamilton,37,Female,Baltimore,MD,East,Regular,layla.hamilton46@mailbox.com,2021-07-09,,,,
CU0452,Mia Reynolds,35,Female,Miami,FL,South,Regular,mia.reynolds34@mailbox.com,2020-09-18,,,,
CU0453,Aurora Reed,54,Male,Houston,TX,South,Regular,aurora.reed79@email.com,2023-07-11,,,,
CU0454,Laura Wood,34,Male,Hartford,CT,East,New,laura.wood63@mailbox.com,2021-01-30,,,,
CU0455,Ella Bailey,45,Male,Charlotte,NC,South,Regular,ella.bailey62@email.com,2022-09-30,,,,
CU0456,Elena Scott,26,Female,Los Angeles,CA,West,Regular,elena.scott2@mailbox.com,2018-02-04,,,,
CU0457,Chloe Cook,51,Male,Columbus,OH,Central,Regular,chloe.cook61@webmail.com,2021-01-08,,,,
CU0458,Patrick Flores,63,Male,Portland,OR,West,Regular,patrick.flores24@mailbox.com,2023-01-21,,,,
CU0459,Harper Jackson,18,Female,Richmond,VA,East,New,harper.jackson19@mailbox.com,2020-03-14,,,,
CU0460,Henry Cox,27,Non-binary,Seattle,WA,West,New,henry.cox69@webmail.com,2023-10-19,,,,
CU0461,Matthew Hughes,34,Male,Chicago,IL,Central,Premium,matthew.hughes28@webmail.com,2018-09-03,,,,
CU0462,Leah Reynolds,50,Male,Pittsburgh,PA,East,Premium,leah.reynolds45@email.com,2020-11-21,,,,
CU0463,Logan Gonzales,60,Female,Charlotte,NC,South,Premium,logan.gonzales37@webmail.com,2019-12-16,,,,
CU0464,Tyler Owens,59,Male,Los Angeles,CA,West,Regular,tyler.owens22@webmail.com,2019-08-17,,,,
CU0465,Eleanor Cooper,58,Male,New York,NY,North,Regular,eleanor.cooper84@webmail.com,2021-07-21,,,,
CU0466,Lucas Bailey,18,Female,Providence,RI,East,New,lucas.bailey58@fastmail.com,2023-11-04,,,,
CU0467,John Jordan,34,Female,Atlanta,GA,South,Premium,john.jordan27@mailbox.com,2018-11-24,,,,
CU0468,Tom Bennett,25,Male,Chicago,IL,Central,Regular,tom.bennett14@webmail.com,2018-12-07,,,,
CU0469,Penelope Murphy,,Male,Richmond,VA,East,Regular,penelope.murphy17@mailbox.com,2019-06-02,,,,
CU0470,Mason Reed,35,Male,Providence,RI,East,New,mason.reed71@fastmail.com,2021-01-20,,,,
CU0471,Henry Simmons,58,Female,Indianapolis,IN,Central,Premium,henry.simmons68@webmail.com,2022-11-17,,,,
CU0472,Peyton Nelson,,Male,Newark,NJ,North,Regular,peyton.nelson39@email.com,2019-09-30,,,,
CU0473,Ellie Moore,69,Male,Pittsburgh,PA,East,Regular,ellie.moore97@fastmail.com,2023-07-08,,,,
CU0474,Riley Turner,30,Female,Detroit,MI,Central,Regular,riley.turner53@fastmail.com,2020-02-12,,,,
CU0475,Hazel Owens,67,Male,San Diego,CA,West,Regular,hazel.owens67@webmail.com,2020-09-08,,,,
CU0476,Frank Mitchell,37,Female,Seattle,WA,West,Regular,frank.mitchell15@fastmail.com,2021-04-01,,,,
CU0477,Caroline Alexander,28,Male,Seattle,WA,West,Regular,caroline.alexander24@email.com,2018-04-01,,,,
CU0478,Hazel Peterson,51,Male,Philadelphia,PA,North,Regular,hazel.peterson44@fastmail.com,2020-06-08,,,,
CU0479,Hannah Price,32,Male,Boston,MA,North,Premium,hannah.price8@webmail.com,2019-08-22,,,,
CU0480,Peyton Bennett,65,Female,Dallas,TX,South,Regular,peyton.bennett2@email.com,2022-04-12,,,,
CU0481,Evelyn Murphy,33,Female,Seattle,WA,West,Regular,evelyn.murphy95@email.com,2023-03-03,,,,
CU0482,Kyle Murphy,47,Male,Pittsburgh,PA,East,Premium,kyle.murphy16@webmail.com,2023-11-04,,,,
CU0483,Charlotte Cook,37,Non-binary,Philadelphia,PA,North,Regular,charlotte.cook42@email.com,2022-11-14,,,,
CU0484,Benjamin Martin,25,Male,Seattle,WA,West,Regular,benjamin.martin89@mailbox.com,2023-05-01,,,,
CU0485,Evelyn King,64,Female,Los Angeles,CA,West,Regular,evelyn.king8@webmail.com,2018-09-03,,,,
CU0486,Frank White,,Male,Miami,FL,South,New,frank.white57@mailbox.com,2021-11-23,,,,
CU0487,Jason Reed,51,Female,Atlanta,GA,South,Regular,jason.reed72@webmail.com,2022-11-28,,,,
CU0488,Charles Flores,37,Male,Charlotte,NC,South,Premium,charles.flores77@mailbox.com,2021-02-01,,,,
CU0489,Leah Turner,59,Male,Hartford,CT,East,Regular,leah.turner49@mailbox.com,2023-09-04,,,,
CU0490,Mark Alexander,37,Female,Atlanta,GA,South,Premium,mark.alexander25@fastmail.com,2022-05-07,,,,
CU0491,Justin Roberts,28,Female,Providence,RI,East,Regular,justin.roberts85@email.com,2023-11-14,,,,
CU0492,Henry Jones,64,Female,Houston,TX,South,Regular,henry.jones85@fastmail.com,2022-05-11,,,,
CU0493,Stella Rivera,33,Male,Boston,MA,North,Premium,stella.rivera27@fastmail.com,2018-02-23,,,,
CU0494,Aubrey Griffin,26,Female,Boston,MA,North,New,aubrey.griffin48@email.com,2022-08-31,,,,
CU0495,Claire Garcia,54,Male,Boston,MA,North,Regular,claire.garcia13@email.com,2023-10-29,,,,
CU0496,Aria Nguyen,64,Female,Charlotte,NC,South,Premium,aria.nguyen72@fastmail.com,2020-01-03,,,,
CU0497,Lily Hamilton,62,Female,San Diego,CA,West,Regular,lily.hamilton71@fastmail.com,2020-01-09,,,,
CU0498,Alexander Powell,31,Female,Indianapolis,IN,Central,New,alexander.powell48@fastmail.com,2021-08-22,,,,
CU0499,Jack Stewart,45,Female,Detroit,MI,Central,Regular,jack.stewart47@fastmail.com,2020-11-06,,,,
CU0500,James West,33,Female,Boston,MA,North,Regular,james.west1@webmail.com,2021-05-21,,,,
CU0501,Brian Williams,37,Female,Hartford,CT,East,Premium,brian.williams13@email.com,2019-09-26,,,,
CU0502,Emma Campbell,33,Male,Hartford,CT,East,Regular,emma.campbell12@fastmail.com,2021-05-15,,,,
CU0503,Ruby Taylor,,Male,Providence,RI,East,New,ruby.taylor77@webmail.com,2019-01-26,,,,
CU0504,Eleanor Bell,34,Female,New York,NY,North,Regular,eleanor.bell54@email.com,2022-11-14,,,,
CU0505,Alice Hayes,64,Female,Chicago,IL,Central,Premium,alice.hayes40@email.com,2018-08-10,,,,
CU0506,Sophia Stewart,46,Male,Detroit,MI,Central,Premium,sophia.stewart58@email.com,2022-05-29,,,,
CU0507,Nathan Young,53,Male,Atlanta,GA,South,Premium,nathan.young71@fastmail.com,2018-07-21,,,,
CU0508,Gregory Ward,67,Female,Dallas,TX,South,Regular,gregory.ward84@mailbox.com,2022-06-08,,,,
CU0509,Claire Hall,42,Male,Houston,TX,South,Regular,claire.hall15@fastmail.com,2019-01-02,,,,
CU0510,Charles Stewart,56,Female,Hartford,CT,East,Premium,charles.stewart45@fastmail.com,2019-11-25,,,,
CU0511,Laura Nelson,37,Male,Atlanta,GA,South,Premium,laura.nelson15@email.com,2018-12-18,,,,
CU0512,Ryan Johnson,53,Male,Baltimore,MD,East,Regular,ryan.johnson27@mailbox.com,2021-09-21,,,,
CU0513,Noah Campbell,19,Female,Indianapolis,IN,Central,New,noah.campbell49@email.com,2018-03-17,,,,
CU0514,Ryan Hill,51,Male,Columbus,OH,Central,Premium,ryan.hill9@fastmail.com,2018-02-04,,,,
CU0515,Olivia Williams,54,Male,Providence,RI,East,Regular,olivia.williams41@fastmail.com,2019-02-12,,,,
CU0516,Nina Torres,47,Non-binary,Charlotte,NC,South,Premium,nina.torres6@mailbox.com,2018-03-30,,,,
CU0517,Eric Barnes,60,Male,Seattle,WA,West,Premium,eric.barnes81@webmail.com,2021-12-26,,,,
CU0518,Ella Davis,28,Female,Providence,RI,East,New,ella.davis72@webmail.com,2018-05-01,,,,
CU0519,Nathan Myers,47,Female,Houston,TX,South,Regular,nathan.myers54@mailbox.com,2020-07-20,,,,
CU0520,Grace Gonzales,39,Female,Providence,RI,East,Regular,grace.gonzales75@mailbox.com,2019-07-22,,,,
CU0521,Caleb Woods,35,Male,Detroit,MI,Central,New,caleb.woods84@mailbox.com,2019-08-18,,,,
CU0522,Frank West,31,Male,Philadelphia,PA,North,New,frank.west98@webmail.com,2018-05-01,,,,
CU0523,Adam Phillips,59,Male,Portland,OR,West,Regular,adam.phillips24@email.com,2019-06-23,,,,
CU0524,Justin Mitchell,58,Female,Minneapolis,MN,Central,Premium,justin.mitchell88@email.com,2020-08-03,,,,
CU0525,Emma Henderson,32,Female,Indianapolis,IN,Central,Regular,emma.henderson63@fastmail.com,2022-05-07,,,,
CU0526,Joseph Jones,20,Female,Los Angeles,CA,West,New,joseph.jones96@mailbox.com,2020-06-30,,,,
CU0527,Henry Peterson,30,Female,Indianapolis,IN,Central,New,henry.peterson55@fastmail.com,2020-10-07,,,,
CU0528,Jack Collins,56,Female,Phoenix,AZ,West,Premium,jack.collins83@email.com,2023-11-22,,,,
CU0529,Sean Garcia,19,Female,Charlotte,NC,South,New,sean.garcia72@fastmail.com,2018-06-10,,,,
CU0530,Charles Turner,31,Female,San Diego,CA,West,Premium,charles.turner60@mailbox.com,2021-03-17,,,,
CU0531,Caleb Jenkins,64,Female,Miami,FL,South,Regular,caleb.jenkins15@mailbox.com,2023-08-13,,,,
CU0532,Peyton Moore,25,Male,San Diego,CA,West,Regular,peyton.moore76@mailbox.com,2023-02-02,,,,
CU0533,Matthew Stewart,60,Male,Houston,TX,South,Premium,matthew.stewart11@fastmail.com,2022-01-26,,,,
CU0534,Justin King,37,Male,Phoenix,AZ,West,Premium,justin.king73@mailbox.com,2021-10-04,,,,
CU0535,Henry Harrison,36,Male,Newark,NJ,North,Premium,henry.harrison37@mailbox.com,2023-01-02,,,,
CU0536,Charlotte Smith,51,Male,Columbus,OH,Central,Regular,charlotte.smith70@email.com,2023-08-05,,,,
CU0537,Thomas Green,55,Male,Indianapolis,IN,Central,Regular,thomas.green32@webmail.com,2018-01-27,,,,
CU0538,George Miller,25,Male,Dallas,TX,South,Regular,george.miller5@webmail.com,2019-08-19,,,,
CU0539,Chris White,25,Male,Seattle,WA,West,Regular,chris.white59@webmail.com,2019-12-28,,,,
CU0540,Aiden Phillips,22,Female,Pittsburgh,PA,East,New,aiden.phillips71@email.com,2022-10-17,,,,
CU0541,Maria Sullivan,66,Female,Pittsburgh,PA,East,Regular,maria.sullivan79@email.com,2020-05-06,,,,
CU0542,Brandon Perry,64,Female,Newark,NJ,North,Premium,brandon.perry55@webmail.com,2021-03-22,,,,
CU0543,Aurora Reed,34,Female,Charlotte,NC,South,Regular,aurora.reed64@mailbox.com,2023-08-01,,,,
CU0544,Owen Turner,46,Male,Houston,TX,South,Regular,owen.turner95@mailbox.com,2019-04-29,,,,
CU0545,Adam Garcia,44,Female,Pittsburgh,PA,East,Premium,adam.garcia82@mailbox.com,2018-02-16,,,,
CU0546,Tom Evans,64,Female,Hartford,CT,East,Premium,tom.evans88@webmail.com,2019-04-12,,,,
CU0547,Justin Brown,50,Male,Dallas,TX,South,Regular,justin.brown61@email.com,2023-05-17,,,,
CU0548,Sophia Russell,39,Female,Phoenix,AZ,West,Regular,sophia.russell96@email.com,2022-08-23,,,,
CU0549,Samuel West,37,Female,Hartford,CT,East,Regular,samuel.west46@email.com,2021-09-20,,,,
CU0550,Sarah Morris,47,Female,Phoenix,AZ,West,Premium,sarah.morris24@email.com,2022-05-15,,,,
CU0551,Owen Collins,39,Male,Boston,MA,North,Regular,owen.collins48@fastmail.com,2020-08-31,,,,
CU0552,Amelia Perry,58,Male,Richmond,VA,East,Premium,amelia.perry12@fastmail.com,2020-04-07,,,,
CU0553,Gregory Allen,34,Female,Atlanta,GA,South,Premium,gregory.allen40@webmail.com,2023-11-15,,,,
CU0554,Dennis Hamilton,22,Female,Dallas,TX,South,Regular,dennis.hamilton15@email.com,2023-11-10,,,,
CU0555,Elena Foster,,Male,Boston,MA,North,Regular,elena.foster99@webmail.com,2023-11-03,,,,
CU0556,Ellie Evans,37,Male,Atlanta,GA,South,Regular,ellie.evans41@fastmail.com,2023-12-21,,,,
CU0557,Sophia King,63,Male,Baltimore,MD,East,Premium,sophia.king14@mailbox.com,2023-10-07,,,,
CU0558,Brian Mitchell,23,Female,Atlanta,GA,South,Regular,brian.mitchell79@webmail.com,2021-06-29,,,,
CU0559,John Brown,57,Male,Los Angeles,CA,West,Regular,john.brown51@mailbox.com,2022-10-13,,,,
CU0560,Brandon Sullivan,68,Male,Phoenix,AZ,West,Regular,brandon.sullivan92@email.com,2020-03-22,,,,
CU0561,Ellie Price,32,Male,Detroit,MI,Central,New,ellie.price13@fastmail.com,2023-04-03,,,,
CU0562,Kyle Nelson,49,Female,Dallas,TX,South,Premium,kyle.nelson51@mailbox.com,2022-01-28,,,,
CU0563,Chloe Hughes,42,Male,Los Angeles,CA,West,Regular,chloe.hughes60@mailbox.com,2023-05-15,,,,
CU0564,Violet Washington,35,Male,Charlotte,NC,South,New,violet.washington42@email.com,2019-03-15,,,,
CU0565,Aubrey Cooper,33,Male,Indianapolis,IN,Central,Regular,aubrey.cooper62@fastmail.com,2019-10-14,,,,
CU0566,Caleb Simmons,65,Female,San Diego,CA,West,Regular,caleb.simmons23@email.com,2020-08-25,,,,
CU0567,Eleanor Barnes,45,Female,Buffalo,NY,North,Regular,eleanor.barnes57@mailbox.com,2019-02-04,,,,
CU0568,Tom Foster,28,Female,Buffalo,NY,North,Regular,tom.foster83@email.com,2023-07-18,,,,
CU0569,Benjamin Fisher,63,Female,Philadelphia,PA,North,Regular,benjamin.fisher50@fastmail.com,2021-04-08,,,,
CU0570,Brian Phillips,34,Female,Columbus,OH,Central,New,brian.phillips12@email.com,2021-11-11,,,,
CU0571,Layla Thompson,38,Male,Baltimore,MD,East,Regular,layla.thompson1@webmail.com,2018-08-06,,,,
CU0572,Sarah Baker,33,Male,Phoenix,AZ,West,Regular,sarah.baker52@fastmail.com,2022-04-17,,,,
CU0573,Mason Scott,62,Male,Seattle,WA,West,Regular,mason.scott54@mailbox.com,2022-01-15,,,,
CU0574,John Moore,28,Female,New York,NY,North,Regular,john.moore85@fastmail.com,2023-06-17,,,,
CU0575,David Moore,55,Female,San Diego,CA,West,Premium,david.moore80@mailbox.com,2022-10-10,,,,
CU0576,Raymond Gray,35,Male,Portland,OR,West,Regular,raymond.gray74@fastmail.com,2018-01-31,,,,
CU0577,Hazel Henderson,35,Female,Providence,RI,East,Premium,hazel.henderson5@fastmail.com,2018-05-18,,,,
CU0578,Benjamin Wood,59,Female,Philadelphia,PA,North,Regular,benjamin.wood60@email.com,2021-02-18,,,,
CU0579,Nina Hall,54,Female,Los Angeles,CA,West,Regular,nina.hall79@email.com,2021-07-03,,,,
CU0580,Anna Johnson,38,Female,San Diego,CA,West,Regular,anna.johnson54@webmail.com,2021-09-19,,,,
CU0581,Scarlett Wright,64,Female,Buffalo,NY,North,Premium,scarlett.wright8@fastmail.com,2020-12-02,,,,
CU0582,Chris Myers,37,Male,Hartford,CT,East,Regular,chris.myers65@email.com,2019-06-04,,,,
CU0583,Matthew Thompson,67,Male,Columbus,OH,Central,Regular,matthew.thompson78@mailbox.com,2019-04-02,,,,
CU0584,Sophia Myers,22,Female,Portland,OR,West,Regular,sophia.myers63@mailbox.com,2020-08-25,,,,
CU0585,Zoey Anderson,35,Female,Charlotte,NC,South,Regular,zoey.anderson97@fastmail.com,2023-07-25,,,,
CU0586,Mason Peterson,21,Female,Dallas,TX,South,New,mason.peterson83@webmail.com,2018-08-11,,,,
CU0587,Chris Wright,44,Male,San Diego,CA,West,Regular,chris.wright30@fastmail.com,2023-12-22,,,,
CU0588,Kyle Campbell,63,Female,Charlotte,NC,South,Regular,kyle.campbell49@webmail.com,2023-01-13,,,,
CU0589,Laura Jackson,26,Female,Columbus,OH,Central,Regular,laura.jackson43@webmail.com,2021-01-21,,,,
CU0590,Matthew Hayes,39,Male,Indianapolis,IN,Central,Premium,matthew.hayes94@mailbox.com,2020-09-17,,,,
CU0591,Brian Patterson,42,Female,New York,NY,North,Regular,brian.patterson68@email.com,2019-02-05,,,,
CU0592,Joseph West,60,Male,Pittsburgh,PA,East,Regular,joseph.west8@mailbox.com,2019-01-12,,,,
CU0593,Maria Woods,49,Female,New York,NY,North,Regular,maria.woods15@mailbox.com,2020-01-27,,,,
CU0594,Mason Taylor,45,Female,Portland,OR,West,Premium,mason.taylor33@mailbox.com,2021-08-17,,,,
CU0595,Anna Davis,32,Male,San Diego,CA,West,Regular,anna.davis23@fastmail.com,2020-12-20,,,,
CU0596,Justin Bailey,65,Male,Miami,FL,South,Regular,justin.bailey28@email.com,2022-11-02,,,,
CU0597,Abigail White,28,Male,New York,NY,North,Premium,abigail.white3@fastmail.com,2023-01-01,,,,
CU0598,Michael Ford,69,Male,Portland,OR,West,Regular,michael.ford74@email.com,2022-05-22,,,,
CU0599,Tyler Wood,,Female,San Diego,CA,West,Premium,tyler.wood70@mailbox.com,2018-10-15,,,,
CU0600,Caleb Wood,20,Female,Buffalo,NY,North,New,caleb.wood88@webmail.com,2021-09-27,,,,
CU0601,Mia Harris,61,Non-binary,San Diego,CA,West,Regular,mia.harris892@fastmail.com,2022-04-29,,,,
CU0602,Sophia Russell,39,Female,Phoenix,AZ,West,Regular,sophia.russell962@email.com,2022-08-23,,,,
CU0603,Penelope Richardson,18,Female,Chicago,IL,Central,New,penelope.richardson612@mailbox.com,2018-02-06,,,,
CU0604,Michael Hughes,54,Male,Boston,MA,North,Regular,michael.hughes662@email.com,2022-07-14,,,,
CU0605,Henry Simmons,58,Female,Indianapolis,IN,Central,Premium,henry.simmons682@webmail.com,2022-11-17,,,,
CU0606,Andrew Taylor,30,Male,Columbus,OH,Central,Premium,andrew.taylor232@mailbox.com,2018-08-04,,,,
CU0607,Claire Gray,37,Male,Columbus,OH,Central,Premium,claire.gray712@mailbox.com,2018-09-10,,,,
CU0608,Daniel Thomas,58,Male,Phoenix,AZ,West,Regular,daniel.thomas72@email.com,2021-12-16,,,,
CU0609,Tom Foster,28,Female,Buffalo,NY,North,Regular,tom.foster832@email.com,2023-07-18,,,,