Salesman ID,Salesman Name,Region,Department,Date of Joining,Manager ID,Annual Target ($)
SP001,James Carter,North,Electronics,15/03/2019,SP010,180000
SP002,Emily Watson,South,Apparel,01/07/2020,SP010,150000
SP003,Daniel Kim,East,Home & Kitchen,20/11/2018,SP011,160000
SP004,Sarah MŸller,West,Electronics,10/02/2021,SP011,170000
SP005,Michael Brown,Central,Home & Kitchen,05/09/2019,SP010,155000
SP006,Laura Fernandez,South,Apparel,15/01/2022,SP012,140000
SP007,Chris Anderson,North,Electronics,22/04/2020,SP010,165000
SP008,Priya Nair,East,Home & Kitchen,30/08/2021,SP011,148000
SP009,Tom Hughes,West,Apparel,12/06/2019,SP012,152000
SP010,Rachel Green,North,Electronics,01/05/2017,SP013,220000
SP011,David Park,East,Home & Kitchen,18/09/2016,SP013,210000
SP012,Nina Patel,South,Apparel,25/03/2018,SP013,200000
SP013,Robert Blake,Central,Electronics,10/01/2015,N/A,280000
SP014,Olivia Scott,West,Electronics,01/06/2022,SP011,145000
SP015,Ethan Morris,Central,Home & Kitchen,14/11/2021,SP010,138000